{"assets/fonts/GoogleSans-Bold.ttf":["assets/fonts/GoogleSans-Bold.ttf"],"assets/fonts/GoogleSans-BoldItalic.ttf":["assets/fonts/GoogleSans-BoldItalic.ttf"],"assets/fonts/GoogleSans-Italic.ttf":["assets/fonts/GoogleSans-Italic.ttf"],"assets/fonts/GoogleSans-Regular.ttf":["assets/fonts/GoogleSans-Regular.ttf"],"assets/images/facebook_icon.png":["assets/images/facebook_icon.png"],"assets/images/kdab_labs_large.png":["assets/images/kdab_labs_large.png"],"assets/images/kdab_labs_small.png":["assets/images/kdab_labs_small.png"],"assets/images/logo_flutter_color.png":["assets/images/logo_flutter_color.png"],"assets/images/logo_flutter_white.png":["assets/images/logo_flutter_white.png"],"assets/images/reset_icon.png":["assets/images/reset_icon.png"],"assets/images/shuffle_icon.png":["assets/images/shuffle_icon.png"],"assets/images/simple_dash_large.png":["assets/images/simple_dash_large.png"],"assets/images/simple_dash_medium.png":["assets/images/simple_dash_medium.png"],"assets/images/simple_dash_small.png":["assets/images/simple_dash_small.png"],"assets/images/timer_icon.png":["assets/images/timer_icon.png"],"assets/images/twitter_icon.png":["assets/images/twitter_icon.png"]}